0	使えないです。	高専生は英語ができないと聞きましたが、本当ですか	0
1	高専の最寄り駅はどこですか	梅坪駅です	1
2	他の高専の人と仲良くなれますか？	Twitterをインストールすればなれます	1
3	高専生活は長いですか？	女子はいますか？	0
4	寮でゲームはできますか	禁止されていますが、スマートフォンのゲームなら黙認されています	1
5	専門科目は難しいですか？	推薦入試は難しいですか？	0
6	運動場に芝生は生えていますか	部活は厳しいですか？	0
7	強制ではありません。家から通ったほうがいい人は流されずに通いましょう。	乗ってくる女の人の中で可愛い人を見つけることです	0
8	Alexa,今日の天気は	今日の豊田市の天気は晴れ、気温は23℃です	1
9	使えます	1年生から寮生じゃなくても友達は作れますか？	0
10	英語は使いますか	できるようになります。I am a pen!!	0
11	微分方程式の解の公式は覚えたほうが良いですか？	導出しましょう	1
12	女子はどのくらいいますか	女子はいますが少ないです	1
13	豊田高専は大きいですか？	大きいです	1
14	こうよう祭は楽しいですか？	ぜひ来てください！！	1
15	週に二回掃除があります。	楽しいです	0
16	高専の科目で一番難しいのは何ですか	専門科目は好きですか	0
17	高専に入る利点はありますか？	食堂のご飯のコスパはいいです	0
18	高専病にはかかりますか？	いいえ、毎年私立学校の文化祭に行けば現実を目の当たりにします。	1
19	最初に同じ部屋になった人に鍵を閉められ、土日を無駄にしたことがあります。	電気電子システム工学科はどんな学科ですか	0
20	磁荷が存在しないからです。	行く人は行きます	0
21	屋上に立ち入ることはできますか	好きな先生は誰ですか	0
22	寮にいると地元の友だちいなくなりませんか？	い、いるし...	1
23	クラスメートと仲良くなる秘訣はなんですか？	アニメの話をすると興奮する人がいます	1
24	就職は有利ですか？	基礎解析です。まじめに受けておけば後々楽ができます。	0
25	夏はカメムシがよく出ます	学科学年によりますが４０人くらいです	0
26	猿が500人くらいいます	ありますが、見られる時間が限られています	0
27	マクスウェルの方程式って何ですか？	つくれます	0
28	学校行事は楽しいですか	楽しいです	1
29	専門科目の試験は難しいですか	流行にはついていけますか？	0
30	高専生活は長いですか？	短いです	1
31	行く人は行きます	入試の英語は難しいですか	0
32	生活はたのしいですか？	pythonです	0
33	このチャットボットを作るのは大変でしたか？	英語はできますか？	0
34	電磁気は難しいですか？	はい、私は落としました	1
35	物理は使いますか	使います	1
36	高専から他高専への転校は可能ですか？	就職は良い企業にいけますか？	0
37	卒業したら学歴はどうなりますか？	ロボコンは楽しいですか？	0
38	必要です。情報工学科では三年次に全員が購入する必要があります	頭よさそう	0
39	クラスメートと仲良くなる秘訣はなんですか？	好きなOSは何ですか？	0
40	高専についてネットで色々書かれていますがどう思いますか？	色々書く人はろくな人とつるんでいないんだと思います（これマジ）	1
41	何年生まで寮に入ることができますか？	好きな教科はなんですか	0
42	単位は美味しいですか	体育は何をしますか	0
43	使えないです。	先生の笑顔	0
44	トイレは綺麗ですか	臭いです	0
45	おいでんバスは便利ですか	NTRは地雷ですか	0
46	外部単位はどんなものがありますか	TOEICや各種資格が認定されます。詳しくはホームページを確認してください	1
47	寮生活の悩みはありますか？	鶏舎の臭いが臭すぎることです	1
48	いいえ。しかし、とがっていて面白いです。	できるようになります。I am a pen!!	0
49	寮の掃除はありますか	学校で動物は飼っていますか	0
50	モンスターは美味しいですか	美味しいです	1
51	高専生は英語ができないと聞きましたが、本当ですか	英語が高専生できてない	1
52	趣味の合う人はいますか	トイレは綺麗ですか	0
53	1年生から寮生じゃなくても友達は作れますか？	オタクしかいません	0
54	Hückel則について教えてください	π電子の数が4n+2(n=0,1,2...)で且つ分子が平面上である場合、その化合物は芳香族性を示すというものです。フラン、チオフェン、ピロールなどの化合物を芳香族複素環式化合物と呼び、その化合物のO,S,N等の元素をヘテロ元素と呼びます	1
55	朝体操はさぼることはできますか？	Alexaは物理が好きです	0
56	専門の知識は身に付きますか	身に付きます	1
57	豊田高専はどこにありますか	最初に同じ部屋になった人に鍵を閉められ、土日を無駄にしたことがあります。	0
58	学校で動物は飼っていますか	校歌を歌ってください	0
59	ホモはいますか？	います	0
60	寮の近くに遊ぶ場所はありますか？	Dess-Martinペルヨージナンを触媒に用いた酸化反応です	0
61	売店のおすすめ商品はありますか？	アルフォートです。コストパフォーマンスに優れています。	1
62	入試の成績は今後に影響しますか？	しません。ただし、学科一位を取った人は留年をするというジンクスがあります。	1
63	GPAはふつうどれぐらいですか？	普通に受けてたら3以上はあります。	1
64	学校に木は生えていますか	校門の前に桜の木が沢山生えています	1
65	クリスマスはありますか	今年のクリスマスは12月25日です	1
66	建築学科はどんな学科ですか	まず一般課程から始め、その基礎の上に立って建築学に特に関係を持つ、人文社会系の知識を補い、次いで建築学の技術面に必要な工学の一般的基礎及び専門分野の基礎、更に進んで専門のいろいろな分野についての理解を種々の実験設備、最新鋭のCADシステム、ビジュアル装置等を利用して深めるように配置しています。最終学年においては、それまでに養った人文・社会・自然科学の知識と建築学の知識とを一つのまとまった形に集約できるようなセミナーや卒業研究を学生個人別に指導しています。	1
67	内申点はどのくらい必要ですか	売店のおすすめ商品はありますか？	0
68	論文は読めますか？	そもそも元が標準はあると思うのでなんとかなります。	0
69	推薦入試は難しいですか？	詳しくはわからないので頑張ってください	1
70	インターンシップに行く際に苦労しますか？	すみません、いってないのでわかりません。	1
71	同じ志を持つ仲間と巡り会えることです	高専生は頭がいいですか？	0
72	高専ではどんなプログラミング言語を学べますか	Python,C,java等です	1
73	朝に出校するときに困ることはありますか？	はい、出る時間が低学年は決まっており、守らないと夜に部屋に呼び出されます	1
74	高専はどんな場所ですか	専門的な内容を学べる場所です	1
75	西山公園です	環境都市工学科はどんな学科ですか	0
76	そもそも元が標準はあると思うのでなんとかなります。	クラスの人数はどれくらいですか？	0
77	プロコンは何をするんですか？	九十分くらいあるので、長いです	0
78	寮に入ったときにイベントはありますか？	楽しみにしておいてください	1
79	トイレは綺麗ですか	情報工学科棟の御手洗いは些か汚いです。一般学科棟のトイレは新しいです	1
80	高専生であるメリットはありますか	頭よさそう	1
81	人によります	寮に入ったときにイベントはありますか？	0
82	高専の科目で一番難しいのは何ですか	人によりますが、Alexaはコンピュータアーキテクチャだと思います	1
83	学生と生徒の違いってなんですか？	学生は生徒とは違い自ら主体的に知識を学ぶ人間を呼び、高専生は学生扱いされます。	1
84	高専を三年で辞めて、農業大学に入学することは可能ですか？	数学と理科は大事ですか？	0
85	いません。	部活動はありますか？	0
86	Alexaは物理が好きです	部活は厳しいですか？	0
87	好きな飲み物はなんですか	カフェオレです	1
88	いじめはありますか	ほとんど無いです	1
89	車で通学をすることはできますか	免許を取って申請すればできますが、指定の講習会にでる必要があります	1
90	インターンは楽しいですか？	好きな先生は誰ですか	0
91	なんで情報工学科棟は隔離されているんですか？	オタクが多いからです	1
92	150万くらいです	F	0
93	高専って何ですか	高等専門学校という五年制の学校です	1
94	予備校に行く必要はありますか？	ちょっと何言ってるかわかんない。。。	0
95	高専に入ってよかったことは何ですか	四年間くらい遊べる	1
96	寮祭はどんなお祭りですか	このチャットボットを作るのは大変でしたか？	0
97	ホモはいますか？	まともですか？	0
98	学生会があります	先輩は優しいですか？	0
99	売店に文房具はありますか	あります。建築学科向けの道具は置いています	1
100	学習環境は快適ですか	快適です。図書館には机が沢山置いてあります	1
101	部活ばっかりやってて成績は落ちますか？	60点です。	0
102	楽しいです	TOEICや各種資格が認定されます。詳しくはホームページを確認してください	0
103	寮のご飯は美味しいですか	近くにおいしい店はありますか？	0
104	高専を三年で辞めて、農業大学に入学することは可能ですか？	はい、前例があります	1
105	流行にはついていけますか？	一般高校にマウントは取れますか？	0
106	プール授業はあります？	高専にはどんな施設がありますか	0
107	クラスの人数はどれくらいですか？	いろいろあります。詳しくはホームぺージをチェック！	0
108	部活の掛け持ちはできますか？	いくらでもできます	1
109	はい、外部単位という形で認められた資格を取ると取得できたりします。外部の大学の授業を取ることもできます。	校則はありますか？	0
110	プロゲーマーになれますか	前例はあります	1
111	アニメの話をすると興奮する人がいます	陰キャですか？	0
112	高専で英語が話せるようになりますか？	定期試験は難しいですか	0
113	西山公園です	しません。ただし、学科一位を取った人は留年をするというジンクスがあります。	0
114	ベットは固いですか？	固いです。マットレスを持ち込みましょう	1
115	クラス替えはありますか？	ないですが、知らないうちに落ちてきたり落ちていったりします。	1
116	体育は何をしますか	運動をします	1
117	専門科目は難しいですか	難しく感じる人もいますが、Alexaは簡単だと思いました	1
118	入試に向けて何を勉強すればいいですか	国数社理英の五科目、特に数理を十分に勉強してください	1
119	英語は勉強したほうがいいですか？	有名企業に就職できます。	0
120	九十分授業は長いですか	九十分くらいあるので、長いです	1
121	かっぱ巻きです	Dess-Martin酸化はどんな反応ですか	0
122	寮にWifiはありますか？	ある（ない）	1
123	何mまで笑顔で走れますか？	個人差があります。僕は50mが限界です（情報学科高専生の平均値）	1
124	論文は読めますか？	ニコニコ動画とYoutubeはどちらが優良ですか？	0
125	寮内スタンプラリーとはなんですか？	寮内をまわることです	1
126	この研究室では何をしてますか？	おすすめのキーボードはなんですか？	0
127	大学には入れますか？	入れます	1
128	課題が毎年出るのでその課題をクリアできるようなロボットを作ってます。	寮があるので、家が遠かったら寮を利用しましょう	0
129	一番好きな定理はなんですか？	います	0
130	単位は美味しいですか	美味しいです	1
131	寮生活は楽しいですか	楽しいです	1
132	寮の同部屋はどんな人ですか	基本的に同学年の人と組みますが、人によっては上の学年の人と同部屋になるかもしれません	1
133	寮生活は強制ですか？	強制ではありません。家から通ったほうがいい人は流されずに通いましょう。	1
134	寮でAmazonは使えますか？	入ってよかったと思いますか？	0
135	公園しかないです	頭よさそう	0
136	寮の掃除はありますか	週に二回掃除があります。	1
137	GPAはいつ必要になりますか？	Alexaは物理が好きです	0
138	マクスウェルの方程式って何ですか？	微分方程式の解の公式は覚えたほうが良いですか？	0
139	こうよう祭ってなんですか？	https://youtu.be/sQD8f4oIfPQ	1
140	留学は毎年何人くらい行きますか？	毎年クラスで10名程度が留学に行きます	1
141	そもそも元が標準はあると思うのでなんとかなります。	寮生活は楽しいですか	0
142	論文は読めますか？	気合で読みましょう	1
143	専門の資格は取れますか	取れますが、自分から勉強する必要があります	1
144	機械工学科はどんな学科ですか	いろいろあります。詳しくはホームぺージをチェック！	0
145	基本的に同学年の人と組みますが、人によっては上の学年の人と同部屋になるかもしれません	高専出身の有名人はいますか？	0
146	パソコンは必要ですか	寮にいると地元の友だちいなくなりませんか？	0
147	Appleに入れますか	頑張ってください	1
148	高専ではどんなプログラミング言語を学べますか	はい、外部単位という形で認められた資格を取ると取得できたりします。外部の大学の授業を取ることもできます。	0
149	運動場に芝生は生えていますか	生えています。先生が頑張って育てているんですよ	1
150	今日のご飯は何ですか	ロボコンのことです	0
151	なれます	バイトはできますか？	0
152	あります	たのしいです	0
153	高専に入ってよかったことは何ですか？	同じ志を持つ仲間と巡り会えることです	1
154	歌志軒豊田店はつぶれましたか？	はい	1
155	寮で夜ふかしできますか？	できますが次の日死にます	1
156	TOEICや各種資格が認定されます。詳しくはホームページを確認してください	好きな飲み物はなんですか	0
157	真空の固有インピーダンスは何ですか？	376Ω	1
158	人によります	高専とはどんなところですか？	0
159	ウォーターサーバーはありますか？	あります	1
160	ファミリーマート、セブンイレブンがあります	おいでんバスは便利ですか	0
161	授業中寝てしまっても大丈夫ですか？	体育はきついですか？	0
162	朝体操はさぼることはできますか？	はい、寒さで表面上に異常がみられれば毎日休めます	1
163	有利じゃないです	ありません。一生私服です。	0
164	自動販売機はありますか	沢山あります	1
165	メチルシクロヘキサンのいす型配座で最も安定なのはどれですか	いす型配座にはエクアトリアル位とアキシアル位があり、メチル基がアキシアル位にあると1,3ジアキシアル相互作用による立体障害を受け不安定となる。よってエクアトリアル位にメチル基がある配座が最も安定となります	1
166	CIP則ってなんですか	EZ表示法やRS表示法を用いる際につける優先順位のルールです	1
167	好きな植物はなんですか	運動場に芝生は生えていますか	0
168	赤点は何点ボーダーですか？	留学はどこにいけますか？	0
169	進学にも就職にも失敗したらどうなりますか？	研究生として高専に残ることもできますし、卒業する事もできます。	1
170	EZ表示法やRS表示法を用いる際につける優先順位のルールです	論文は読めますか？	0
171	ロボコンは何をするんですか？	課題が毎年出るのでその課題をクリアできるようなロボットを作ってます。	1
172	はい、確実に取れます。やつらが受験勉強をしている間にInstagramを更新しましょう！	あります、しかし平均点２８点でもとれる単位も存在します	0
173	入試に向けて何を勉強すればいいですか	数学は使いますか	0
174	制服はありますか？	ありません。一生私服です。	1
175	部活ばっかりやってて成績は落ちますか？	勉強すれば大丈夫です	1
176	高専で英語が話せるようになりますか？	高専で英語が話せるようになりますか？	0
177	バイトはできますか？	できます	1
178	好きな食べ物は何ですか	醤油	1
179	なにかおすすめの参考書はありますか	Friedel-Crafts反応とはどんな反応ですか	0
180	修学旅行はどこに行きますか	行く人は行きます	1
181	建築学科はどんな学科ですか	トイレは綺麗ですか	0
182	他県からの学生はいますか	良くも悪くも自由なところです	0
183	好きなプログラミング言語はなんですか	pythonです	1
184	入試の英語は難しいですか	公立入試の英語よりかは難しいです	1
185	校則はありますか？	います	0
186	hypothesisです。	人によりますが、普通にやっていれば大丈夫です	0
187	あります	良くも悪くも自由なところです	0
188	そうですね	課題が毎年出るのでその課題をクリアできるようなロボットを作ってます。	0
189	寮の掃除は大変ですか	Hückel則について教えてください	0
190	Diels-Alder反応の反応機構を教えてください	屋上に立ち入ることはできますか	0
191	寮に虫はいますか	夏はカメムシがよく出ます	1
192	彼氏はできますか	彼氏ならできるかもしれません	1
193	科目はどんなものがありますか	いろいろあります。詳しくはホームぺージをチェック！	1
194	服装はどうしますか	ゴールデンウィークまでは制服で、それ以降は自由です	1
195	寮のご飯は美味しいですか	食堂のご飯のコスパはいいです	1
196	好きなお寿司のネタは何ですか	梅坪駅です。	0
197	運動方程式を導出する解析力学の概念です	先生の笑顔	0
198	専門科目の試験は難しいですか	ipadは必要ですか？	0
199	学科・部活動によりますが、情報科の場合は三年生から必要になります。	寮生活の悩みはありますか？	0
200	教室にロッカーはありますか	あります。南京錠は自分で買ってください	1
201	入試の成績は今後に影響しますか？	なれるとそうでもないです。	0
202	売店はありますか	大丈夫です	0
203	大変です	Alexaは美味しいと思います	0
204	数学は使いますか	建築学科はどんな学科ですか	0
205	大きいです	好きな先生は誰ですか	0
206	授業中寝てしまっても大丈夫ですか？	大丈夫です	1
207	NITTCとはなんですか？	“National Institute of Technology, Toyota College”の略称です。言えるとかっこよかったりします	1
208	赤点は何点ボーダーですか？	60点です。	1
209	入試の難易度は？	不参加者にはペナルティがあります（村田先生と草をむしろう）	0
210	他学科の人とつながりはありますか？	寮にいるとできますが、通学生はあまりできないでしょう	1
211	そこまで汚くありません	オタクが多いからです	0
212	高専は全国に何校ありますか？	国立51校、公立3校、私立3校で計57校です。	1
213	売店はありますか	あります。ヤマザキです	1
214	青春って何ですか？	同部屋の友達にどっきりをしかけたことです。	0
215	留学は楽しいですか？	楽しいかもしれません	1
216	彼氏はできますか	インターンは楽しいですか？	0
217	定期試験は難しいですか	単位が取れるように作ってくれるので基本的に大丈夫ですが、たまに難しくしてくる先生もいます	1
218	寮生活で一番楽しかったことは何ですか？	独立行政法人国立高等専門学校機構豊田工業高等専門学校、です	0
219	マクスウェルの方程式って何ですか？	電磁気学の概念を表す方程式のことです	1
220	留年してしまうことはありますか？	毎年クラスの１，２人が留年してしまいます	1
221	就職は有利ですか？	しています。最高です。	0
222	あります、しかし平均点２８点でもとれる単位も存在します	陰キャですか？	0
223	先生はどんな人ですか？	面白い人です	1
224	女子はいますが少ないです	魔剤はあります	0
225	寮の掃除は大変ですか	大変です	1
226	通学している人はいますか？	はい、います	1
227	校則はありますか？	基本ありません。	1
228	好きな文房具は何ですか	カレーです	0
229	留学は毎年何人くらい行きますか？	学校内でのバイトはありますか？	0
230	魔剤はあります	まともですか？	0
231	優先して寮に入れます	好きな飲み物は何ですか	0
232	かなり有利です、苦労することがありません（高望みしなければ）	先生がわかりやすく教えてくれるのでかんたんです。	0
233	定期試験は大変ですか？	長いです	1
234	留学はどこにいけますか？	ヨーロッパ圏が多いです	1
235	朝ダッシュとはなんですか？	朝に食堂に走ることです	1
236	はい、前例があります	好きなメニューは何ですか？	0
237	こうよう祭はたのしいですか？	たのしいです	1
238	作ればできます	豊田高専は大きいですか？	0
239	予備校に行く必要はありますか？	大事です	0
240	先生と仲良くなれますか	なれます	1
241	一番好きなSNSは何ですか？	twitterです	1
242	一番好きな定理はなんですか？	標本化定理です。	1
243	パソコンは必要ですか	必要です。情報工学科では三年次に全員が購入する必要があります	1
244	日本語は得意ですか	不自由な人が多いです	1
245	入寮作業は大変ですか？	優しいお兄さんが手伝ってくれます	1
246	おすすめのキーボードはなんですか？	高専って何ですか	0
247	好きな植物はなんですか	桜です。学校の前にはたくさんの桜が咲いています。好きな単位はなんですか	Iパスです。理由は美味しいからです。	1
248	生徒会はありますか	学生会があります	1
249	NTRは地雷ですか	高専の授業において文才は必要ですか？	0
250	髪の色は制限はありますか？	僕はピンクの人を見たことがあります	1
251	内申点はどのくらい必要ですか	四十程あれば安心ですが、学力なら当日点が重視されます	1
252	就職は有利ですか？	ある（ない）	0
253	一番キライなSNSは何ですか？	陰スタグラムです	1
254	人生謳歌してますか	しています。最高です。	1
255	学校行事は楽しいですか	木更津高専のさくらまなさんや、有明高専のライバロリさんなどがいます。	0
256	高専生であるメリットはありますか	女子はいますか？	0
257	女子はいますが少ないです	三年生から持ち込むことが可能です	0
258	運動方程式を導出する解析力学の概念です	九十分くらいあるので、長いです	0
259	1年生から寮生じゃなくても友達は作れますか？	つくれます	1
260	普通の文学書から専門書まで幅ひろくあります	好きなお寿司のネタは何ですか	0
261	Yahooに入れますか？	はい、前例があります。	1
262	女子はどのくらいいますか	情報工学科は社会の変化に即応できる高度情報処理技術者を育成することを目的にしています。情報処理技術者は、コンピュータやその周辺の技術のみならず、人間としての豊かな教養を身につけなければなりません。そして、コンピュータで「できること」について深く洞察すると共に、「してはならないこと」についての見識をもつ必要があります。情報工学科では、単にコンピュータのためのプログラム技術を教えているのではありません。情報処理技術者として必要な基礎教科を重視し、創造性豊かな人材を育成する教育を行っています。	0
263	女子はいますか？	分度器です。理由は角度を測れるからです	0
264	E2反応ってなあに？	E2反応とは二分子求核置換反応のことで、その速度は二分子の濃度に比例します。求核試薬が背面攻撃をすることで反応が進行します	1
265	予備校に行く必要はありますか？	ないです。学校の授業で十分です。	1
266	高専生は頭がいいですか？	よくないです	1
267	Dess-Martin酸化はどんな反応ですか	Dess-Martinペルヨージナンを触媒に用いた酸化反応です	1
268	寮の外観は古いですが中も汚いですか？	そこまで汚くありません	1
269	専門科目は好きですか	ホモはいますか？	0
270	今日も暑いですね	そうですね	1
271	好きな教科はなんですか	Alexaは物理が好きです	1
272	教室にエアコンはありますか	あります	1
273	電磁波の伝搬速度は何ですか？	c	1
274	就職は有利ですか？	大変です	0
275	ニコニコ動画とYoutubeはどちらが優良ですか？	Youtube	1
276	高専って落ちこぼれでも資格が取れますか？	委員長になると嬉しいことはありますか	0
277	美味しいです	難しく感じる人もいますが、Alexaは簡単だと思いました	0
278	このチャットボットはどうやって作ってますか？	企業秘密です	1
279	友達はできますか	作ればできます	1
280	一年生に専門科目はありますか	情報工学科では一年生からプログラミングの授業があります	1
281	朝ダッシュとはなんですか？	ここです	0
282	楽しかった授業は何ですか？	エンジニアリングデザインでwebアプリを自作したことです	1
283	なぜマクスウェル方程式は対称でないのですか？	磁荷が存在しないからです。	1
284	学校の正式名称を教えてください	独立行政法人国立高等専門学校機構豊田工業高等専門学校、です	1
285	すきです。	おすすめのキーボードはなんですか？	0
286	西山公園です	電磁気学の概念を表す方程式のことです	0
287	洗礼とはなんですか？	洗礼とは、新入生が寮に入ったその夜に。。。	1
288	pythonです	pcは一年生から必要ですか？	0
289	就職は良い企業にいけますか？	有名企業に就職できます。	1
290	高専にはどんな施設がありますか	図書館、保健室、ものづくりセンターなどがあります	1
291	各種参考書、雑誌、専門書に加えて小説なども置いています	乗ってくる女の人の中で可愛い人を見つけることです	0
292	留年しても学校退学になりませんか？	はい、ですが同じ学年で二回留年すると自主退学を進められると聞いたことがあります。	1
293	定期試験は大変ですか？	できますが次の日死にます	0
294	高専で国語は使いますか	低学年では学びますが、高学年では学びません	1
295	しません。ただし、学科一位を取った人は留年をするというジンクスがあります。	僕は好きです	0
296	学校で動物は飼っていますか	猿が500人くらいいます	1
297	数学は難しいですか？	いいえ、一般高校の理数系と何ら変わりません。しかし、授業が進むのが早かったりはします。	1
298	入ってよかったと思いますか？	自分の頑張り次第です	0
299	寮生活は楽しいですか？	楽しいです	1
300	GPAはふつうどれぐらいですか？	寮生活で困ったことはありますか？	0
301	学生会があります	高専とはどんなところですか？	0
302	1000m\*5	学習環境は快適ですか	0
303	Yahooに入れますか？	想像よりも高いです	0
304	なんで情報工学科棟は隔離されているんですか？	基礎科目では専門科目を学ぶ上で必要な理数系及びコンピュータに関する科目として応用数学、情報処理などを、共通専門科目では応用的な専門科目を学習する上で基礎となる測量学、構造力学などを学びます。都市建設系科目では都市の計画及び建設技術に関する建設管理計画、都市計画などを、環境系科目としては環境問題及び環境保全技術に関する環境工学、環境アセスメントなどを学びます	0
305	好きなコマンドを教えてください。	sudoです。	1
306	プロコンは何をするんですか？	競技部門と課題部門に別れてものを作り評価を競います。	1
307	豊田高専で一番面白い人は誰ですか？	ヨーロッパ圏が多いです	0
308	四十程あれば安心ですが、学力なら当日点が重視されます	たのしいです	0
309	トイレにはウォシュレットがついていますか？	寮のトイレはついてないので冬は痔になります。	1
310	すきです。	映像授業はどんな感じですか？	0
311	生えています。先生が頑張って育てているんですよ	個人差があります。僕は50mが限界です（情報学科高専生の平均値）	0
312	3年まであります	はい、あまりにもないと感想文に”つまらない”とかかれることがあります。	0
313	寮でエアコンは使えますか？	使えます	1
314	寮祭はどんなお祭りですか	楽しいお祭りです	1
315	文化祭は楽しいですか	難しいです	1
316	高専から他高専への転校は可能ですか？	可能ですが、理由が必要ではあります	1
317	寮のご飯は美味しいですか	Alexaは美味しいと思います	1
318	“National Institute of Technology, Toyota College”の略称です。言えるとかっこよかったりします	高専がない県では低いですが、ある県でも低いです	0
319	ρ	います	0
320	高専で国語は使いますか	一番怖いものは何ですか？	0
321	この研究室では何をしてますか？	自然言語処理の研究をしています。	1
322	映像授業はどんな感じですか？	そこまで授業に集中できませんでした。	1
323	鬼滅の刃は好きですか？	読んだことない（Hunter×Hunter読もう）	1
324	部活は何がありますか	いろいろあります。詳しくはホームページをチェック！	1
325	他県からの学生はいますか	います	1
326	はい、前例があります	はい、ですが同じ学年で二回留年すると自主退学を進められると聞いたことがあります。	0
327	図書館の本は何がありますか？	普通の文学書から専門書まで幅ひろくあります	1
328	高専の知名度はどのくらいですか	高専がない県では低いですが、ある県でも低いです	1
329	宿題は多いですか？	寮に入れる基準は何ですか？	0
330	GPAとはなんですか？	高専では成績をA,B,C,F,Nという五段階評価でつけられます。Aから4,3,2,1,0と点数が振り分けられ全教科で平均化したものをGPAといいます。	1
331	Alexa,今日の天気は	寮にテレビはありますか	0
332	できます。	GPAとはなんですか？	0
333	単位を落としたことはありますか？	あります、しかし平均点２８点でもとれる単位も存在します	1
334	アルドール縮合って何ですか	カルボニルα置換反応の一つで、アルデヒドやケトンに対して起こる反応です	1
335	行く人は行きます	楽しいかもしれません	0
336	60点です。	勉強さえすれば単位を落とすことはありません	0
337	好きなコードは何ですか？	高専って落ちこぼれでも資格が取れますか？	0
338	このチャットボットを作るのは大変でしたか？	大変です。	1
339	部活動はありますか？	一年生に専門科目はありますか	0
340	悩みはありますか？	作ればできます	0
341	クラスの人数はどれくらいですか？	学科学年によりますが４０人くらいです	1
342	図書館に自分の欲しい本がないときに頼めたりしますか？	学科・部活動によりますが、情報科の場合は三年生から必要になります。	0
343	悩みはありますか？	肩こりです	1
344	はい、寒さで表面上に異常がみられれば毎日休めます	留年してしまうことはありますか？	0
345	校門の前に桜の木が沢山生えています	体育は何をしますか	0
346	寮に入ったときにイベントはありますか？	TOEICや各種資格が認定されます。詳しくはホームページを確認してください	0
347	電磁気は難しいですか？	高等専門学校という五年制の学校です	0
348	肩こりです	“National Institute of Technology, Toyota College”の略称です。言えるとかっこよかったりします	0
349	導出しましょう	専門科目は難しいですか？	0
350	魔剤はあります	お風呂は綺麗ですか	0
351	寮生活の一番の思い出はなんですか？	多人数でする自炊です。みんなで食べるご飯は美味しいです。（九割カレー）	1
352	モンゴル高専は実在しますか？	はい、ネタだと思って入学している人が多数ですが実在します。	1
353	寮祭は楽しいですか？	僕はあまり興味がありませんでした。（実行委員にならないと★１です）	1
354	模試の結果は気にする必要はありますか？	ないです。偏差値が低い模試は捨てましょう	1
355	体育はきついですか？	売店に薬はありますか	0
356	寮祭は楽しいですか？	各種参考書、雑誌、専門書に加えて小説なども置いています	0
357	好きな飲み物は何ですか	味噌	1
358	一番キライなSNSは何ですか？	楽しいです	0
359	好きなテキストエディタは何ですか？	vim	1
360	授業以外で単位を取得できたりしますか？	はい、外部単位という形で認められた資格を取ると取得できたりします。外部の大学の授業を取ることもできます。	1
361	いろいろあります。詳しくはホームページをチェック！	一般高校にマウントは取れますか？	0
362	高専に入る利点はありますか？	office365の利用と、学生証がぽんこつなので４，５年生でもカラオケにおいて、学割が効きます。	1
363	好きな文房具は何ですか	分度器です。理由は角度を測れるからです	1
364	他学科の人とつながりはありますか？	梅坪駅です	0
365	寮生活は強制ですか？	豊田高専で一番面白い人は誰ですか？	0
366	落ちます。勉強しましょう	高専生であるメリットはありますか	0
367	高専のための塾が存在するって本当ですか？	はい、実際にあるらしいです。	1
368	寮の近くに遊ぶ場所はありますか？	面白い人です	0
369	先生はまともですか？	前例はあります	0
370	いいえ、人によっては取らないほうが頭に入ることもあるので取らなくても大丈夫です。	行く人は行きます	0
371	プログラミングが出来るようになりますか？	ヨーロッパ圏が多いです	0
372	一番キライなSNSは何ですか？	この反応にはアシル化とアルキル化があり、ベンゼンなどの芳香族化合物に対して起こる反応です。AlCl3が触媒として使われます	0
373	在学中に好きになった英単語はありますか？	hypothesisです。	1
374	はい、外部単位という形で認められた資格を取ると取得できたりします。外部の大学の授業を取ることもできます。	電磁波の伝搬速度は何ですか？	0
375	すみません、いってないのでわかりません。	最初に同じ部屋になった人に鍵を閉められ、土日を無駄にしたことがあります。	0
376	近くにおいしい店はありますか？	マックがあります	1
377	専門科目は難しいですか？	Alexa,今日の天気は	0
378	なにかおすすめの参考書はありますか	編入数学徹底研究がおすすめです	1
379	今年のクリスマスは12月25日です	屋上に立ち入ることはできますか	0
380	います	非常に易しいです（）	0
381	ち、違います（メガネカチャ）	自然言語処理の研究をしています。	0
382	そうですね	好きな教科はなんですか	0
383	彼氏ならできるかもしれません	長いです	0
384	エレベーターはありますか？	あります	1
385	魔剤はあります	内申点は重要ですか？	0
386	ちゃんと話を聞いていれば不可能レベルな科目は一切ありません。	はい、実際にあるらしいです。	0
387	する人はします	導出しましょう	0
388	高専で英語が話せるようになりますか？	なりません	1
389	単位のために勉強するのをやめることです	一年生に専門科目はありますか	0
390	何分授業ですか？	90分授業です。先生によっては休憩を入れてくれます	1
391	おいでんバスは便利ですか	便利ではありません。免許を取りましょう	1
392	先生はどんな人ですか？	ブラック企業ってなんですか？	0
393	勉強を分かりやすく教えてくれるユーチューバーはいますか	ヨビノリを凝視しろ	1
394	ないです。偏差値が低い模試は捨てましょう	短いです	0
395	趣味の合う人はいますか	いると思います	1
396	楽しいです	位置と運動量が同時に確定することはあり得ないというものです	0
397	旧帝大に入ることはできますか？	できます。	1
398	ないです。偏差値が低い模試は捨てましょう	環化するだけです	0
399	シュレーディンガー方程式って何ですか？	量子の存在確率を表す方程式です	1
400	自動販売機の値段はどのくらいですか	モンスターが百八十円で売ってます	1
401	ロボコンは楽しいですか？	入りましょう	1
402	ノートはしっかりと取らないといけませんか？	いいえ、人によっては取らないほうが頭に入ることもあるので取らなくても大丈夫です。	1
403	学校内でのバイトはありますか？	先生の研究の手伝いや図書館の手伝いなどがあります。	1
404	寮生活で困ったことはありますか？	最初に同じ部屋になった人に鍵を閉められ、土日を無駄にしたことがあります。	1
405	英語はできますか？	できるようになります。I am a pen!!	1
406	遠隔授業はちゃんとしていますか？	はい、もう登校したくありません。	1
407	Apple	90分授業です。先生によっては休憩を入れてくれます	0
408	部活の大会のレベルはどうですか	想像よりも高いです	1
409	高専に入る利点はありますか？	office365の利用と、学生証がぽんこつなので４，５年生でもカラオケにおいて、学割が効きます。	0
410	ホモはいますか？	いないはずです（環境科には多い傾向があります）	1
411	高専を楽しむコツは何ですか？	単位のために勉強するのをやめることです	1
412	自動販売機はありますか	F	0
413	校則はありますか？	学校に木は生えていますか	0
414	陰キャですか？	ち、違います（メガネカチャ）	1
415	友達はできますか	GPAとはなんですか？	0
416	環境都市工学科はどんな学科ですか	基礎科目では専門科目を学ぶ上で必要な理数系及びコンピュータに関する科目として応用数学、情報処理などを、共通専門科目では応用的な専門科目を学習する上で基礎となる測量学、構造力学などを学びます。都市建設系科目では都市の計画及び建設技術に関する建設管理計画、都市計画などを、環境系科目としては環境問題及び環境保全技術に関する環境工学、環境アセスメントなどを学びます	1
417	モンゴル高専は実在しますか？	他学科の人とつながりはありますか？	0
418	ロボコンは楽しいですか？	僕は好きです	1
419	pcは一年生から必要ですか？	先生はどんな人ですか？	0
420	校門の前に桜の木が沢山生えています	入寮作業は大変ですか？	0
421	プログラミングが出来るようになりますか？	自分の頑張り次第です	1
422	入試の難易度は？	難しいですが、勉強をすれば大丈夫です	1
423	高専ではどんなプログラミング言語を学べますか	部活の大会のレベルはどうですか	0
424	NTRは地雷ですか	はい、地雷です。	1
425	機械工学科はどんな学科ですか	具体的には、機能性・安全性を追求する材料・材料力学分野、エネルギーの効率的利用を追究する熱・流体力学分野、物作りの原点を志向する工作・加工分野、高精度化を追究する計測・制御分野、加えて大きく発達してきたコンピュータ技術を教育の柱に据え、ローテクからハイテクに至るまで機械工学を体系的に学べます	1
426	指導寮生は厳しいですか？	優しいお兄さんが手伝ってくれます	0
427	Apple	高専のいいところは何ですか？	0
428	専門科目は好きですか	すきです。	1
429	ありますが、見られる時間が限られています	いろいろあります。詳しくはホームページをチェック！	0
430	高専は理系じゃないと入れませんか	理系じゃなくてもある程度できれば大丈夫です	1
431	ツイッターでは、みんな生き生きしています	多人数でする自炊です。みんなで食べるご飯は美味しいです。（九割カレー）	0
432	他の高専生とは仲良くなれますか？	人によります	1
433	Friedel-Crafts反応とはどんな反応ですか	模試の結果は気にする必要はありますか？	0
434	高専に音楽の授業はありますか	ありません。校歌も知りません。	1
435	寮のトイレはついてないので冬は痔になります。	なぜマクスウェル方程式は対称でないのですか？	0
436	一番好きな駅はなんですか？	寮内スタンプラリーとはなんですか？	0
437	寮生活で一番楽しかったことは何ですか？	同部屋の友達にどっきりをしかけたことです。	1
438	divDは何ですか？	ρ	1
439	高専に入ろうと思った動機はなんでですか？	ものづくりをしたいとおもったからです。工業高校よりも高専の方が賢そうじゃん	1
440	寮でエアコンは使えますか？	高専に入ろうと思った動機はなんでですか？	0
441	彼女はできますか	修学旅行はどこに行きますか	0
442	理系ですか？	理系です	1
443	何年生まで寮に入ることができますか？	成績や家までの距離が考慮されるらしいです	1
444	お風呂は綺麗ですか	臭いです	1
445	GPAはいつ必要になりますか？	基本的には専攻科を推薦で受ける時や、卒業研究の部屋を決めるときなどに必要になります。	1
446	髪の色は制限はありますか？	村田先生です。	0
447	卒業したら学歴はどうなりますか？	短大卒と同じなります。即戦力間違いなしです。	1
448	学生会があります	毎年クラスで10名程度が留学に行きます	0
449	専攻科での就職はどうですか？	GPAとはなんですか？	0
450	通学は大変ですか？	なれるとそうでもないです。	1
451	売店に文房具はありますか	なれます	0
452	すみません、いってないのでわかりません。	理系じゃなくてもある程度できれば大丈夫です	0
453	朝体操はきついですか？	かんたんな体操をします。夜ふかしすると朝とても眠いです。	1
454	高専出身の有名人はいますか？	木更津高専のさくらまなさんや、有明高専のライバロリさんなどがいます。	1
455	推薦入学はいいですか？	人によります	1
456	難しいですが、勉強をすれば大丈夫です	建築学科はどんな学科ですか	0
457	留学にはいくらかかりますか？	150万くらいです	1
458	定期試験は大変ですか？	車で通学をすることはできますか	0
459	味噌	専門の資格は取れますか	0
460	高専の数学は難しいですか	難しいですが、先生が教えるのが上手なので大丈夫です	1
461	寮に入れる基準は何ですか？	基本、学力と部活動によるものですが素行が悪いとそもそも入れません	1
462	AEDはありますか？	入りましょう	0
463	好きなお寿司のネタは何ですか	かっぱ巻きです	1
464	単位を取るのは難しいですか？	はい、二年生は入学してよかったと心の底から思えるほど少ないです（４年の地獄）	0
465	EZ表示法やRS表示法を用いる際につける優先順位のルールです	微分方程式の解の公式は覚えたほうが良いですか？	0
466	好きな行事はなんですか？	高専に入ってよかったことは何ですか	0
467	通学は大変ですか？	寮があるので、家が遠かったら寮を利用しましょう	1
468	いいえ、毎年私立学校の文化祭に行けば現実を目の当たりにします。	アニメの話をすると興奮する人がいます	0
469	毎年クラスで10名程度が留学に行きます	５C小川くんです。	0
470	豊田高専は大きいですか？	大変です	0
471	クラス替えはありますか？	頭よさそう	0
472	今の学力で受かりますか？	落ちます。勉強しましょう	1
473	情報工学科棟の御手洗いは些か汚いです。一般学科棟のトイレは新しいです	学科学年によりますが４０人くらいです	0
474	なれるとそうでもないです。	朝に食堂に走ることです	0
475	自販機はありますか？	はい。あります	1
476	青春って何ですか？	ちょっと何言ってるかわかんない。。。	1
477	高専に入ってよかったことは何ですか	一番好きなSNSは何ですか？	0
478	部活動はありますか？	はい、豊田高専は運動部のほかにも吹奏楽部なども活発です	1
479	専門科目は難しいですか？	ちゃんと話を聞いていれば不可能レベルな科目は一切ありません。	1
480	前例はあります	企業秘密です	0
481	一番役に立った授業を教えてください	基礎解析です。まじめに受けておけば後々楽ができます。	1
